{
    "display": {
        "title": {
            "text": "Legendary Spear",
            "color": "red",
            "bold": true,
            "italic": false
        },
        "description": {
            "text": "<abilities unlocked> equip bonus: attack 5"
        },
        "icon": {
            "item": "minecraft:carrot_on_a_stick",
            "nbt": "{CustomModelData:455001}"
        },
        "frame": "task",
        "show_toast": false,
        "announce_to_chat": false,
        "hidden": false,
        "background": "minecraft:textures/block/gray_concrete.png"
    },
    "criteria": {
        "c1": {
            "trigger": "minecraft:impossible"
        }
    }
}
